pair1,pair2,study,species
bing,guidon,Gustavo,Dataset1
Bobcat_B30F,Bobcat_B37M,Serieys,AromasHills
Boadicea,Davy,Wilmers,Panthera leo
beverly,derek,Gustavo,Dataset1
B12M_5617,B13M_5616,Serieys,CoyoteValley
B24F_5613,B25M_5618,Serieys,CoyoteValley
BOBB,VORB,Bertreaux,Vulpes lagopus
PEC079,PEC082,Wheeldon,Canis latrans
PEC012,PEC023,Wheeldon,Canis latrans
BergWind,Hope,Serieys,Caracal caracal
PEC042,PEC043,Wheeldon,Canis latrans
PEC113,PEC137,Wheeldon,Canis latrans
id13,per,Gustavo,Cerdocyon thous
OJOO,RVJO,Bertreaux,Vulpes lagopus
Leon,Tejo,Palomares,Felis silvestris
Fleita,Tejo,Palomares,Felis silvestris
77M,78F,Wilmers,Puma concolor
150312,150402,Gustavo,Cerdocyon thous
B077,B080,Hebblewhite,Canis lupus
peary,schaller,Gustavo,Dataset1
NCF2,NCM4,Bogdan,Caracal caracal
B18F_5614,B22M_5969,Serieys,CoyoteValley
Grupo005_Id020,Grupo005_Id031,Gustavo,Leopardus geoffroyi
Ada,Oli,Roshier,Vulpes vulpes
PEC113,PEC116,Wheeldon,Canis latrans
BBJO,JMVJ,Bertreaux,Vulpes lagopus
Bobcat_B27M,Bobcat_B28M,Serieys,AromasHills
id11,luck,Gustavo,Cerdocyon thous
lana,mel,Gustavo,Cerdocyon thous
BORR,RMJJ,Bertreaux,Vulpes lagopus
manaya,maori,Gustavo,Dataset2
Grupo005_Id021,Grupo005_Id024,Gustavo,Leopardus geoffroyi
PEC002,PEC020,Wheeldon,Canis latrans
Lynx_Oriel,Lynx_Osiris,Extremadura,Lynx pardinus
PEC005,PEC018,Wheeldon,Canis latrans
Grupo005_Id031,Grupo023_Id001,Gustavo,Leopardus geoffroyi
PEC116,PEC137,Wheeldon,Canis latrans
PEC108,PEC120,Wheeldon,Canis latrans
id16,mel,Gustavo,Cerdocyon thous
Lou,Oli,Roshier,Vulpes vulpes
Scarlett,Titan,Serieys,Caracal caracal
PEC001,PEC020,Wheeldon,Canis latrans
barros,constance,Gustavo,Dataset1
PEC002,PEC011,Wheeldon,Canis latrans
CAN51,CAN52,Gustavo,Leopardus geoffroyi
150552,164900,Gustavo,Cerdocyon thous
itatiaia,kraho,Gustavo,Dataset2
B16M_5973,B20F_5968,Serieys,CoyoteValley
Cat,Oli,Roshier,Vulpes vulpes
NCF4,NCM13,Bogdan,Caracal caracal
PEC006,PEC008,Wheeldon,Canis latrans
PEC074,PEC079,Wheeldon,Canis latrans
Grupo005_Id020,Grupo023_Id001,Gustavo,Leopardus geoffroyi
kia,manaya,Gustavo,Dataset2
Strandloper,Xolani,Serieys,Caracal caracal
PEC114,PEC122,Wheeldon,Canis latrans
PEC059,PEC066,Wheeldon,Canis latrans
Grupo005_Id003_2,Grupo005_Id019,Gustavo,Leopardus geoffroyi
PEC074,PEC082,Wheeldon,Canis latrans
Ewaso,Mzee,Wilmers,Panthera pardus
11F,22M,Wilmers,Puma concolor
B01M_5623,B04M_5619,Serieys,CoyoteValley
B10F_5972,B15M_5612,Serieys,CoyoteValley
OBOB,RMBR,Bertreaux,Vulpes lagopus
manaya,terena,Gustavo,Dataset2
Bobcat_B34F,Bobcat_B37M,Serieys,AromasHills
BJVO,OBJB,Bertreaux,Vulpes lagopus
Bobcat_B30F,Bobcat_B34F,Serieys,AromasHills
Grupo005_Id022,Grupo005_Id023,Gustavo,Leopardus geoffroyi
Bobcat_B27M,Bobcat_B31M,Serieys,AromasHills
PEC087,PEC091,Wheeldon,Canis latrans
26M,31M,Wilmers,Puma concolor
JBOR,JMVJ,Bertreaux,Vulpes lagopus
kraho,terena,Gustavo,Dataset2
id16,lana,Gustavo,Cerdocyon thous
kayapo,maori,Gustavo,Dataset2
B17F_5621,B19F_5971,Serieys,CoyoteValley
PEC029,PEC032,Wheeldon,Canis latrans
1649671,1651941,Gustavo,Cerdocyon thous
PEC009,PEC032,Wheeldon,Canis latrans
PEC011,PEC012,Wheeldon,Canis latrans
150102,164820,Gustavo,Cerdocyon thous
109F,98F,Wilmers,Puma concolor
K008,K013,Hebblewhite,Canis lupus
PEC001,PEC002,Wheeldon,Canis latrans
PEC011,PEC020,Wheeldon,Canis latrans
Grupo005_Id002,Grupo005_Id018,Gustavo,Leopardus wiedii
B11F_5967,B15M_5612,Serieys,CoyoteValley
id16,luck,Gustavo,Cerdocyon thous
CAN52,CAN53,Gustavo,Leopardus geoffroyi
PEC011,PEC023,Wheeldon,Canis latrans
PEC052,PEC054,Wheeldon,Canis latrans
PEC036,PEC037,Wheeldon,Canis latrans
Bagheera,Sunshine,Drouilly,Caracal caracal
PEC080,PEC088,Wheeldon,Canis latrans
48M,51M,Wilmers,Puma concolor
Apethe,Merimela,Wilmers,Panthera leo
Marine,Ratel,Serieys,Caracal caracal
Jim,Liz,Roshier,Vulpes vulpes
Bobcat_B28M,Bobcat_B31M,Serieys,AromasHills
150312,164820,Gustavo,Cerdocyon thous
id11,mel,Gustavo,Cerdocyon thous
B03F_5622/5974,B17F_5621,Serieys,CoyoteValley
PEC112,PEC137,Wheeldon,Canis latrans
80F,83M,Wilmers,Puma concolor
150462,150552,Gustavo,Cerdocyon thous
Grupo005_Id003,Grupo005_Id019,Gustavo,Leopardus geoffroyi
PEC112,PEC113,Wheeldon,Canis latrans
164957,1652521,Gustavo,Cerdocyon thous
Lynx_Komodo,Lynx_Lechuza,Extremadura,Lynx pardinus
Apethe,Dakteri,Wilmers,Panthera leo
kia,terena,Gustavo,Dataset2
BergWind,FireLily,Serieys,Caracal caracal
itatiaia,terena,Gustavo,Dataset2
B16M_5973,B25M_5618,Serieys,CoyoteValley
Bobcat_B30F,Bobcat_B32F,Serieys,AromasHills
Garfio,Pepe,Palomares,Felis silvestris
Bobcat_B32F,Bobcat_B37M,Serieys,AromasHills
PEC002,PEC012,Wheeldon,Canis latrans
PEC001,PEC011,Wheeldon,Canis latrans
luck,mel,Gustavo,Cerdocyon thous
id11,lana,Gustavo,Cerdocyon thous
150011,164900,Gustavo,Cerdocyon thous
NCM10,NCM8,Bogdan,Caracal caracal
CAN51,CAN53,Gustavo,Leopardus geoffroyi
PEC002,PEC023,Wheeldon,Canis latrans
150011,150402,Gustavo,Cerdocyon thous
kraho,manaya,Gustavo,Dataset2
PEC105,PEC108,Wheeldon,Canis latrans
PEC112,PEC116,Wheeldon,Canis latrans
PEC105,PEC106,Wheeldon,Canis latrans
Deniz,Hazar,Cagan,Lynx lynx
PEC043,PEC044,Wheeldon,Canis latrans
PEC018,PEC030,Wheeldon,Canis latrans
B10F_5972,B11F_5967,Serieys,CoyoteValley
K019,K021,Hebblewhite,Canis lupus
PEC081,PEC120,Wheeldon,Canis latrans
B15M_5612,B23M_5624,Serieys,CoyoteValley
Diabla,Jasiri,Wilmers,Panthera leo
OBOB,ORRR,Bertreaux,Vulpes lagopus
B09M_5609,B18F_5614,Serieys,CoyoteValley
Frans_2,Mattias,Walton,Vulpes vulpes
150462,164900,Gustavo,Cerdocyon thous
Mem,Zoe,Roshier,Vulpes vulpes
lana,luck,Gustavo,Cerdocyon thous
150102,150402,Gustavo,Cerdocyon thous
B081,B082,Hebblewhite,Canis lupus
PEC012,PEC020,Wheeldon,Canis latrans
PEC112,PEC122,Wheeldon,Canis latrans
PEC009,PEC014,Wheeldon,Canis latrans
constance,guidon,Gustavo,Dataset1
id17,luck,Gustavo,Cerdocyon thous
bing,constance,Gustavo,Dataset1
NCM13,NCM9,Bogdan,Caracal caracal
JVOJ,ORRR,Bertreaux,Vulpes lagopus
Ginger,Sunshine,Drouilly,Caracal caracal
kraho,maori,Gustavo,Dataset2
PEC020,PEC023,Wheeldon,Canis latrans
B17F_5621,B25M_5618,Serieys,CoyoteValley
Bagheera,Marina,Drouilly,Caracal caracal
B09M_5609,B22M_5969,Serieys,CoyoteValley
B20F_5968,B25M_5618,Serieys,CoyoteValley
B03F_5622/5974,B19F_5971,Serieys,CoyoteValley
150102,150312,Gustavo,Cerdocyon thous
Ivy,Ken2017,Roshier,Dataset1
PEC105,PEC120,Wheeldon,Canis latrans
150011,150552,Gustavo,Cerdocyon thous
BBJO,OBBB,Bertreaux,Vulpes lagopus
itatiaia,manaya,Gustavo,Dataset2
janine,schaller,Gustavo,Dataset1
28F,7F,Wilmers,Puma concolor
Clint,Degana,Palomares,Felis silvestris
Bobcat_B32F,Bobcat_B34F,Serieys,AromasHills
Hope,Madala,Serieys,Caracal caracal
PEC081,PEC108,Wheeldon,Canis latrans
Ern,Ros,Roshier,Vulpes vulpes
PEC004,PEC018,Wheeldon,Canis latrans
kia,kraho,Gustavo,Dataset2
B03F_5622/5974,B06M_5625,Serieys,CoyoteValley
Bigpaw,Marina,Drouilly,Caracal caracal
Bilge,Hazar,Cagan,Lynx lynx
PEC066,PEC094,Wheeldon,Canis latrans
BergWind,Madala,Serieys,Caracal caracal
Ken2017,Ray,Roshier,Dataset1
NCM1,NCM2,Bogdan,Caracal caracal
PEC001,PEC012,Wheeldon,Canis latrans
BOBB,BVOB,Bertreaux,Vulpes lagopus
107M,95F,Wilmers,Puma concolor
PEC103,PEC110,Wheeldon,Canis latrans
barros,guidon,Gustavo,Dataset1
JMVJ,OBBB,Bertreaux,Vulpes lagopus
barros,bing,Gustavo,Dataset1
PEC023,PEC027,Wheeldon,Canis latrans
Dakteri,Merimela,Wilmers,Panthera leo
Grupo000_Id000,Grupo005_Id001,Gustavo,Leopardus wiedii
PEC001,PEC023,Wheeldon,Canis latrans
Grupo005_Id015,Grupo005_Id019,Gustavo,Leopardus geoffroyi
B05F_5628/5620,B06M_5625,Serieys,CoyoteValley
PEC068,PEC080,Wheeldon,Canis latrans
Lynx_Kakapo,Lynx_Kun,Extremadura,Lynx pardinus
NCF4,NCM9,Bogdan,Caracal caracal
PEC112,PEC114,Wheeldon,Canis latrans
164957,165194,Gustavo,Cerdocyon thous
PEC012,PEC027,Wheeldon,Canis latrans
PEC004,PEC005,Wheeldon,Canis latrans
Charlotte,Jasiri,Wilmers,Panthera leo
28F,31M,Wilmers,Puma concolor
20F,2F,Wilmers,Puma concolor
B05F_5628/5620,B19F_5971,Serieys,CoyoteValley
PEC014,PEC032,Wheeldon,Canis latrans
itatiaia,kia,Gustavo,Dataset2
PEC104,PEC114,Wheeldon,Canis latrans
Grupo005_Id031,Grupo023_Id003,Gustavo,Leopardus geoffroyi
B19F_5971,B25M_5618,Serieys,CoyoteValley
Celada,Fleita,Palomares,Felis silvestris
150312,164900,Gustavo,Cerdocyon thous
id03,luck,Gustavo,Cerdocyon thous
10F,38F,Wilmers,Puma concolor
Moe,Zoe,Roshier,Vulpes vulpes
id16,id17,Gustavo,Cerdocyon thous
Maggie,Mkogwe,Wilmers,Panthera leo
PEC043,PEC054,Wheeldon,Canis latrans
Bagheera,Ginger,Drouilly,Caracal caracal
Marina,Sunshine,Drouilly,Caracal caracal
Grupo005_Id020,Grupo023_Id003,Gustavo,Leopardus geoffroyi
PEC122,PEC137,Wheeldon,Canis latrans
M1,Mirinha,Gustavo,Puma concolor
BVOB,JMVJ,Bertreaux,Vulpes lagopus
150402,164900,Gustavo,Cerdocyon thous
PEC082,PEC083,Wheeldon,Canis latrans
Fay,Wal,Roshier,Dataset2
BOBB,OBBB,Bertreaux,Vulpes lagopus
B082,B084,Hebblewhite,Canis lupus
Chumvi,Limofu,Wilmers,Panthera pardus
PEC042,PEC054,Wheeldon,Canis latrans
PEC079,PEC083,Wheeldon,Canis latrans
42M,48M,Wilmers,Puma concolor
Strandloper,Zola,Serieys,Caracal caracal
B03F_5622/5974,B07M_5627,Serieys,CoyoteValley
Grupo005_Id017_2,Grupo005_Id019,Gustavo,Leopardus geoffroyi
PEC106,PEC108,Wheeldon,Canis latrans
Grupo005_Id003_2,Grupo005_Id015,Gustavo,Leopardus geoffroyi
JBOR,OBBB,Bertreaux,Vulpes lagopus
Mattias,Spank,Walton,Vulpes vulpes
150011,150462,Gustavo,Cerdocyon thous
BBJO,BVOB,Bertreaux,Vulpes lagopus
B16M_5973,B17F_5621,Serieys,CoyoteValley
id17,mel,Gustavo,Cerdocyon thous
150011,150102,Gustavo,Cerdocyon thous
Roy,Vic,Roshier,Dataset2
150312,150552,Gustavo,Cerdocyon thous
BORR,VJOO,Bertreaux,Vulpes lagopus
Baru,Mirinha,Gustavo,Puma concolor
NCM3,NCM4,Bogdan,Caracal caracal
PEC011,PEC027,Wheeldon,Canis latrans
PEC116,PEC122,Wheeldon,Canis latrans
51M,53F,Wilmers,Puma concolor
26M,28F,Wilmers,Puma concolor
Grupo005_Id017,Grupo005_Id023,Gustavo,Leopardus geoffroyi
B14M_5613,B18F_5614,Serieys,CoyoteValley
PEC087,PEC090,Wheeldon,Canis latrans
PEC068,PEC088,Wheeldon,Canis latrans
164886,165224,Gustavo,Cerdocyon thous
B05F_5628/5620,B17F_5621,Serieys,CoyoteValley
150402,150552,Gustavo,Cerdocyon thous
Grupo005_Id015,Grupo023_Id001,Gustavo,Leopardus geoffroyi
PEC107,PEC129,Wheeldon,Canis latrans
PEC005,PEC007,Wheeldon,Canis latrans
PEC044,PEC052,Wheeldon,Canis latrans
PEC106,PEC120,Wheeldon,Canis latrans
FireLily,Madala,Serieys,Caracal caracal
PEC114,PEC137,Wheeldon,Canis latrans
Jen,Oli,Roshier,Vulpes vulpes
Lynx_Komodo,Lynx_Kun,Extremadura,Lynx pardinus
id17,lana,Gustavo,Cerdocyon thous
Grupo005_Id003,Grupo005_Id015,Gustavo,Leopardus geoffroyi
Bobcat_B35F,Bobcat_B36F,Serieys,AromasHills
PEC074,PEC083,Wheeldon,Canis latrans
barros,schaller,Gustavo,Dataset1
Xolani,Zola,Serieys,Caracal caracal
114F,116M,Wilmers,Puma concolor
PEC113,PEC114,Wheeldon,Canis latrans
Bobcat_B28M,Bobcat_B32F,Serieys,AromasHills
24F,4M,Wilmers,Puma concolor
165194,1652521,Gustavo,Cerdocyon thous
Bilge,Deniz,Cagan,Lynx lynx
PEC070,PEC080,Wheeldon,Canis latrans
107M,38F,Wilmers,Puma concolor
B17F_5621,B20F_5968,Serieys,CoyoteValley
id03,per,Gustavo,Cerdocyon thous
164820,164900,Gustavo,Cerdocyon thous
barros,peary,Gustavo,Dataset1
80F,81F,Wilmers,Puma concolor
113M,25F,Wilmers,Puma concolor
B12M_5617,B19F_5971,Serieys,CoyoteValley
B14M_5613,B15M_5612,Serieys,CoyoteValley
PEC007,PEC018,Wheeldon,Canis latrans
Bella,Maggie,Wilmers,Panthera leo
B09M_5609,B23M_5624,Serieys,CoyoteValley
B13M_5616,B19F_5971,Serieys,CoyoteValley
Eloise,Shandy,Wilmers,Panthera leo
PEC114,PEC116,Wheeldon,Canis latrans
Bobcat_B27M,Bobcat_B32F,Serieys,AromasHills
Jen,Lou,Roshier,Vulpes vulpes
B11F_5967,B13M_5616,Serieys,CoyoteValley
B16M_5973,B19F_5971,Serieys,CoyoteValley
Bagheera,Bigpaw,Drouilly,Caracal caracal
B11F_5967,B12M_5617,Serieys,CoyoteValley
41M,42M,Wilmers,Puma concolor
Grupo005_Id017,Grupo005_Id022,Gustavo,Leopardus geoffroyi
CAN06,CAN13,Gustavo,Leopardus geoffroyi
PEC090,PEC091,Wheeldon,Canis latrans
id03,mel,Gustavo,Cerdocyon thous
Farasi,Shandy,Wilmers,Panthera leo
constance,schaller,Gustavo,Dataset1
23F,36M,Wilmers,Puma concolor
Frans_1,Spank,Walton,Vulpes vulpes
Ivy,Ray,Roshier,Dataset1
Charlotte,Diabla,Wilmers,Panthera leo
J015,J016,Hebblewhite,Canis lupus
PEC020,PEC027,Wheeldon,Canis latrans
Marine,West,Serieys,Caracal caracal
1651941,165252,Gustavo,Cerdocyon thous
peary,shack,Gustavo,Dataset1
B077,B083,Hebblewhite,Canis lupus
150552,164820,Gustavo,Cerdocyon thous
constance,peary,Gustavo,Dataset1
48M,53F,Wilmers,Puma concolor
150102,150681,Gustavo,Cerdocyon thous
Janne,Niklas,Walton,Vulpes vulpes
J015,J018,Hebblewhite,Canis lupus
150312,150462,Gustavo,Cerdocyon thous
Mem,Moe,Roshier,Vulpes vulpes
id03,lana,Gustavo,Cerdocyon thous
NCF1,NCM12,Bogdan,Caracal caracal
12F,2F,Wilmers,Puma concolor
schaller,shack,Gustavo,Dataset1
B03F_5622/5974,B05F_5628/5620,Serieys,CoyoteValley
164886,165164,Gustavo,Cerdocyon thous
B080,B083,Hebblewhite,Canis lupus
B01M_5623,B05F_5628/5620,Serieys,CoyoteValley
B19F_5971,B20F_5968,Serieys,CoyoteValley
BORR,RMBR,Bertreaux,Vulpes lagopus
150402,150462,Gustavo,Cerdocyon thous
31M,7F,Wilmers,Puma concolor
150102,164900,Gustavo,Cerdocyon thous
B12M_5617,B17F_5621,Serieys,CoyoteValley
B081,B084,Hebblewhite,Canis lupus
Ginger,Marina,Drouilly,Caracal caracal
id17,per,Gustavo,Cerdocyon thous
PEC001,PEC019,Wheeldon,Canis latrans
PEC068,PEC074,Wheeldon,Canis latrans
B13M_5616,B17F_5621,Serieys,CoyoteValley
Bobcat_B31M,Bobcat_B32F,Serieys,AromasHills
Frans_2,Spank,Walton,Vulpes vulpes
29F,36M,Wilmers,Puma concolor
id15,id18,Gustavo,Cerdocyon thous
PEC104,PEC107,Wheeldon,Canis latrans
B09M_5609,B10F_5972,Serieys,CoyoteValley
id13,id17,Gustavo,Cerdocyon thous
PEC039,PEC041,Wheeldon,Canis latrans
Chunga,Victoria,Wilmers,Panthera leo
RMBR,RMJJ,Bertreaux,Vulpes lagopus
B13M_5616,B15M_5612,Serieys,CoyoteValley
Bobcat_B38M,Bobcat_GF01F,Serieys,AromasHills
Bigpaw,Sunshine,Drouilly,Caracal caracal
B12M_5617,B15M_5612,Serieys,CoyoteValley
Faya,Fleita,Palomares,Felis silvestris
Bobcat_B28M,Bobcat_B30F,Serieys,AromasHills
Bobcat_B28M,Bobcat_B37M,Serieys,AromasHills
Ern,Kev,Roshier,Vulpes vulpes
id15,lana,Gustavo,Cerdocyon thous
PEC104,PEC112,Wheeldon,Canis latrans
BORR,JVOJ,Bertreaux,Vulpes lagopus
Cecia,Margarita,Wilmers,Panthera leo
1649671,165252,Gustavo,Cerdocyon thous
B06M_5625,B07M_5627,Serieys,CoyoteValley
PEC081,PEC106,Wheeldon,Canis latrans
Faya,Tejo,Palomares,Felis silvestris
150102,150552,Gustavo,Cerdocyon thous
B04M_5619,B05F_5628/5620,Serieys,CoyoteValley
BVOB,OBBB,Bertreaux,Vulpes lagopus
PEC019,PEC020,Wheeldon,Canis latrans
W126,W127,Hebblewhite,Canis lupus
150681,164820,Gustavo,Cerdocyon thous
Ann_2,Niklas,Walton,Vulpes vulpes
BBJO,VJOO,Bertreaux,Vulpes lagopus
PEC089,PEC093,Wheeldon,Canis latrans
Cristina_1,Kenneth,Walton,Vulpes vulpes
Ratel,West,Serieys,Caracal caracal
BORR,OBOB,Bertreaux,Vulpes lagopus
BORR,BVOB,Bertreaux,Vulpes lagopus
PEC068,PEC079,Wheeldon,Canis latrans
Bobcat_B27M,Bobcat_B30F,Serieys,AromasHills
Oskar_1,Spank,Walton,Vulpes vulpes
Bea,Oli,Roshier,Vulpes vulpes
id15,mel,Gustavo,Cerdocyon thous
26M,7F,Wilmers,Puma concolor
PEC068,PEC082,Wheeldon,Canis latrans
PEC093,PEC094,Wheeldon,Canis latrans
K022,K029,Hebblewhite,Canis lupus
B09M_5609,B15M_5612,Serieys,CoyoteValley
NCF1,NCM8,Bogdan,Caracal caracal
Ada,Bea,Roshier,Vulpes vulpes
B18F_5614,B23M_5624,Serieys,CoyoteValley
PEC002,PEC019,Wheeldon,Canis latrans
Grupo005_Id017,Grupo005_Id019,Gustavo,Leopardus geoffroyi
OBOB,RMJJ,Bertreaux,Vulpes lagopus
B10F_5972,B13M_5616,Serieys,CoyoteValley
B10F_5972,B12M_5617,Serieys,CoyoteValley
Clint,Garfio,Palomares,Felis silvestris
OBBB,OJOO,Bertreaux,Vulpes lagopus
Bobcat_B28M,Bobcat_B34F,Serieys,AromasHills
150041,150102,Gustavo,Cerdocyon thous
B22M_5969,B23M_5624,Serieys,CoyoteValley
165194,1651941,Gustavo,Cerdocyon thous
Brecina,Rocky,Palomares,Felis silvestris
19F,37M,Wilmers,Puma concolor
id15,id16,Gustavo,Cerdocyon thous
Flo,Joy,Roshier,Vulpes vulpes
OBBB,RVJO,Bertreaux,Vulpes lagopus
guidon,schaller,Gustavo,Dataset1
bing,schaller,Gustavo,Dataset1
PEC004,PEC007,Wheeldon,Canis latrans
107M,81F,Wilmers,Puma concolor
Bobcat_B27M,Bobcat_B34F,Serieys,AromasHills
NCM12,NCM4,Bogdan,Caracal caracal
Bobcat_B30F,Bobcat_B31M,Serieys,AromasHills
PEC011,PEC019,Wheeldon,Canis latrans
Bob,Flo,Roshier,Vulpes vulpes
guidon,peary,Gustavo,Dataset1
Gustaf,Viktor,Walton,Vulpes vulpes
bing,peary,Gustavo,Dataset1
Baru,M1,Gustavo,Puma concolor
PEC101,PEC110,Wheeldon,Canis latrans
Col,Ted,Roshier,Dataset2
NCF2,NCM12,Bogdan,Caracal caracal
Ben,Ivy,Roshier,Dataset1
150312,150681,Gustavo,Cerdocyon thous
PEC104,PEC113,Wheeldon,Canis latrans
Ingvar_2,Niklas,Walton,Vulpes vulpes
150102,150462,Gustavo,Cerdocyon thous
PEC006,PEC009,Wheeldon,Canis latrans
Grupo005_Id003,Grupo005_Id020,Gustavo,Leopardus geoffroyi
Grupo005_Id017_2,Grupo005_Id024,Gustavo,Leopardus geoffroyi
Grupo005_Id003_2,Grupo023_Id001,Gustavo,Leopardus geoffroyi
B09M_5609,B11F_5967,Serieys,CoyoteValley
luck,per,Gustavo,Cerdocyon thous
B10F_5972,B18F_5614,Serieys,CoyoteValley
B13M_5616,B23M_5624,Serieys,CoyoteValley
PEC104,PEC116,Wheeldon,Canis latrans
id13,luck,Gustavo,Cerdocyon thous
Grupo005_Id017_2,Grupo005_Id021,Gustavo,Leopardus geoffroyi
id15,luck,Gustavo,Cerdocyon thous
Bobcat_B31M,Bobcat_B34F,Serieys,AromasHills
id11,per,Gustavo,Cerdocyon thous
Bigpaw,Ginger,Drouilly,Caracal caracal
B01M_5623,B06M_5625,Serieys,CoyoteValley
Ern,Joy,Roshier,Vulpes vulpes
BORR,ORRR,Bertreaux,Vulpes lagopus
11F,19F,Wilmers,Puma concolor
PEC008,PEC009,Wheeldon,Canis latrans
Grupo005_Id003,Grupo023_Id001,Gustavo,Leopardus geoffroyi
PEC106,PEC129,Wheeldon,Canis latrans
NCF1,NCM10,Bogdan,Caracal caracal
Brecina,Degana,Palomares,Felis silvestris
OJBJ,RVJO,Bertreaux,Vulpes lagopus
PEC047,PEC049,Wheeldon,Canis latrans
Clint,Pepe,Palomares,Felis silvestris
PEC019,PEC023,Wheeldon,Canis latrans
PEC074,PEC080,Wheeldon,Canis latrans
Kev,Ros,Roshier,Vulpes vulpes
BOBB,RMJJ,Bertreaux,Vulpes lagopus
B15M_5612,B18F_5614,Serieys,CoyoteValley
NCF3,NCM9,Bogdan,Caracal caracal
RMJJ,VORB,Bertreaux,Vulpes lagopus
Kim,Moe,Roshier,Vulpes vulpes
B15M_5612,B22M_5969,Serieys,CoyoteValley
id16,per,Gustavo,Cerdocyon thous
PEC107,PEC114,Wheeldon,Canis latrans
B05F_5628/5620,B07M_5627,Serieys,CoyoteValley
150041,150402,Gustavo,Cerdocyon thous
B04M_5619,B06M_5625,Serieys,CoyoteValley
id13,id16,Gustavo,Cerdocyon thous
79M,80F,Wilmers,Puma concolor
bing,derek,Gustavo,Dataset1
derek,guidon,Gustavo,Dataset1
beverly,bing,Gustavo,Dataset1
PEC079,PEC080,Wheeldon,Canis latrans
beverly,guidon,Gustavo,Dataset1
PEC080,PEC082,Wheeldon,Canis latrans
PEC007,PEC014,Wheeldon,Canis latrans
165164,165224,Gustavo,Cerdocyon thous
B12M_5617,B16M_5973,Serieys,CoyoteValley
BBJO,RVJO,Bertreaux,Vulpes lagopus
mel,per,Gustavo,Cerdocyon thous
B11F_5967,B19F_5971,Serieys,CoyoteValley
B13M_5616,B16M_5973,Serieys,CoyoteValley
Chesie,Kichaka,Wilmers,Panthera leo
JMVJ,OJOO,Bertreaux,Vulpes lagopus
Putin,Viktor,Walton,Vulpes vulpes
id13,mel,Gustavo,Cerdocyon thous
Eloise,Farasi,Wilmers,Panthera leo
PEC074,PEC088,Wheeldon,Canis latrans
barros,shack,Gustavo,Dataset1
BBJO,RMJJ,Bertreaux,Vulpes lagopus
PEC081,PEC131,Wheeldon,Canis latrans
B11F_5967,B18F_5614,Serieys,CoyoteValley
BORR,JMVJ,Bertreaux,Vulpes lagopus
JMVJ,RVJO,Bertreaux,Vulpes lagopus
Ben,Ken2017,Roshier,Dataset1
lana,per,Gustavo,Cerdocyon thous
CAN11,CAN24,Gustavo,Leopardus wiedii
164957,1651941,Gustavo,Cerdocyon thous
PEC024,PEC027,Wheeldon,Canis latrans
PEC068,PEC083,Wheeldon,Canis latrans
B11F_5967,B22M_5969,Serieys,CoyoteValley
id13,lana,Gustavo,Cerdocyon thous
B12M_5617,B20F_5968,Serieys,CoyoteValley
PEC101,PEC103,Wheeldon,Canis latrans
B13M_5616,B20F_5968,Serieys,CoyoteValley
BBJO,BORR,Bertreaux,Vulpes lagopus
Daniella,Inger,Walton,Vulpes vulpes
PEC086,PEC093,Wheeldon,Canis latrans
Charlotte,Maggie,Wilmers,Panthera leo
PEC105,PEC129,Wheeldon,Canis latrans
J016,J018,Hebblewhite,Canis lupus
id15,id17,Gustavo,Cerdocyon thous
constance,shack,Gustavo,Dataset1
PEC079,PEC088,Wheeldon,Canis latrans
B11F_5967,B17F_5621,Serieys,CoyoteValley
PEC082,PEC088,Wheeldon,Canis latrans
JBOR,OJOO,Bertreaux,Vulpes lagopus
BOBB,RVJO,Bertreaux,Vulpes lagopus
Bella,Diabla,Wilmers,Panthera leo
PEC041,PEC053,Wheeldon,Canis latrans
B15M_5612,B19F_5971,Serieys,CoyoteValley
23F,29F,Wilmers,Puma concolor
Lynx_Nebulosa,Lynx_Nevada,Extremadura,Lynx pardinus
JBOR,RVJO,Bertreaux,Vulpes lagopus
Cecia,Merimela,Wilmers,Panthera leo
B01M_5623,B03F_5622/5974,Serieys,CoyoteValley
150011,150041,Gustavo,Cerdocyon thous
150681,164900,Gustavo,Cerdocyon thous
PEC040,PEC043,Wheeldon,Canis latrans
NCF3,NCM13,Bogdan,Caracal caracal
Degana,Pepe,Palomares,Felis silvestris
Bob,Zoe,Roshier,Vulpes vulpes
PEC040,PEC042,Wheeldon,Canis latrans
PEC030,PEC037,Wheeldon,Canis latrans
REDFOX-2018-06-Wursten,REDFOX-2018-08-Wursten,Garthe,Vulpes vulpes
PEC028,PEC029,Wheeldon,Canis latrans
PEC035,PEC037,Wheeldon,Canis latrans
PEC019,PEC027,Wheeldon,Canis latrans
37M,43F,Wilmers,Puma concolor
PEC091,PEC092,Wheeldon,Canis latrans
beverly,constance,Gustavo,Dataset1
150552,150681,Gustavo,Cerdocyon thous
W97141,W97362,GreatLakesWolf,Canis lupus x lycaon
B10F_5972,B19F_5971,Serieys,CoyoteValley
PEC059,PEC095,Wheeldon,Canis latrans
B15M_5612,B17F_5621,Serieys,CoyoteValley
PEC007,PEC009,Wheeldon,Canis latrans
PEC041,PEC049,Wheeldon,Canis latrans
NCF3,NCM5,Bogdan,Caracal caracal
NCF3,NCF4,Bogdan,Caracal caracal
Hedley,Mkogwe,Wilmers,Panthera leo
B03F_5622/5974,B04M_5619,Serieys,CoyoteValley
PEC120,PEC131,Wheeldon,Canis latrans
id18,lana,Gustavo,Cerdocyon thous
16M,4M,Wilmers,Puma concolor
barros,derek,Gustavo,Dataset1
barros,beverly,Gustavo,Dataset1
NCM12,NCM8,Bogdan,Caracal caracal
PEC108,PEC129,Wheeldon,Canis latrans
Lova,Spank,Walton,Vulpes vulpes
PEC028,PEC032,Wheeldon,Canis latrans
id18,mel,Gustavo,Cerdocyon thous
PEC108,PEC131,Wheeldon,Canis latrans
PEC087,PEC092,Wheeldon,Canis latrans
PEC066,PEC095,Wheeldon,Canis latrans
B10F_5972,B17F_5621,Serieys,CoyoteValley
Bobcat_B31M,Bobcat_GF01F,Serieys,AromasHills
BVOB,JVOJ,Bertreaux,Vulpes lagopus
PEC086,PEC088,Wheeldon,Canis latrans
Ingvar_1,Ronja,Walton,Vulpes vulpes
guidon,shack,Gustavo,Dataset1
150041,164900,Gustavo,Cerdocyon thous
bing,shack,Gustavo,Dataset1
Ben,Ray,Roshier,Dataset1
PEC106,PEC107,Wheeldon,Canis latrans
Con,Jon,Roshier,Dataset1
B09M_5609,B13M_5616,Serieys,CoyoteValley
BORR,OBBB,Bertreaux,Vulpes lagopus
PEC120,PEC129,Wheeldon,Canis latrans
B19F_5971,B23M_5624,Serieys,CoyoteValley
NCF1,NCM4,Bogdan,Caracal caracal
B09M_5609,B12M_5617,Serieys,CoyoteValley
Disa,Prospero,Serieys,Caracal caracal
PEC040,PEC044,Wheeldon,Canis latrans
id16,id18,Gustavo,Cerdocyon thous
PEC080,PEC083,Wheeldon,Canis latrans
NCF1,NCF2,Bogdan,Caracal caracal
PEC089,PEC094,Wheeldon,Canis latrans
CAN13,CAN53,Gustavo,Leopardus geoffroyi
Astrid,Boadicea,Wilmers,Panthera leo
Astrid,Davy,Wilmers,Panthera leo
52F,53F,Wilmers,Puma concolor
PEC070,PEC074,Wheeldon,Canis latrans
PEC006,PEC012,Wheeldon,Canis latrans
BVOB,OJOO,Bertreaux,Vulpes lagopus
PEC114,PEC129,Wheeldon,Canis latrans
150041,150552,Gustavo,Cerdocyon thous
PEC107,PEC137,Wheeldon,Canis latrans
NCM11,NCM7,Bogdan,Caracal caracal
Jasiri,Maggie,Wilmers,Panthera leo
BVOB,RVJO,Bertreaux,Vulpes lagopus
Bobcat_B27M,Bobcat_GF01F,Serieys,AromasHills
PEC107,PEC113,Wheeldon,Canis latrans
PEC008,PEC011,Wheeldon,Canis latrans
53F,66M,Wilmers,Puma concolor
B17F_5621,B23M_5624,Serieys,CoyoteValley
Charlotte,Mkogwe,Wilmers,Panthera leo
PEC005,PEC014,Wheeldon,Canis latrans
Bobcat_B28M,Bobcat_GF01F,Serieys,AromasHills
PEC107,PEC116,Wheeldon,Canis latrans
PEC070,PEC079,Wheeldon,Canis latrans
NCM10,NCM12,Bogdan,Caracal caracal
79M,81F,Wilmers,Puma concolor
Bobcat_B37M,Bobcat_B38M,Serieys,AromasHills
B15M_5612,B25M_5618,Serieys,CoyoteValley
PEC070,PEC082,Wheeldon,Canis latrans
T02,T04,GreatLakesWolf,Canis lupus x lycaon
PEC122,PEC129,Wheeldon,Canis latrans
PEC042,PEC059,Wheeldon,Canis latrans
id18,luck,Gustavo,Cerdocyon thous
Janne,Putin,Walton,Vulpes vulpes
PEC083,PEC088,Wheeldon,Canis latrans
PEC105,PEC131,Wheeldon,Canis latrans
PEC043,PEC059,Wheeldon,Canis latrans
PEC006,PEC011,Wheeldon,Canis latrans
Degana,Faya,Palomares,Felis silvestris
PEC009,PEC030,Wheeldon,Canis latrans
Lynx_Ketamina,Lynx_Kun,Extremadura,Lynx pardinus
B11F_5967,B16M_5973,Serieys,CoyoteValley
PEC105,PEC107,Wheeldon,Canis latrans
B01M_5623,B07M_5627,Serieys,CoyoteValley
22M,7F,Wilmers,Puma concolor
PEC024,PEC028,Wheeldon,Canis latrans
150041,150462,Gustavo,Cerdocyon thous
BOBB,RMBR,Bertreaux,Vulpes lagopus
PEC081,PEC129,Wheeldon,Canis latrans
B13M_5616,B18F_5614,Serieys,CoyoteValley
RMBR,VORB,Bertreaux,Vulpes lagopus
Bobcat_B34F,Bobcat_B38M,Serieys,AromasHills
B12M_5617,B18F_5614,Serieys,CoyoteValley
BVOB,ORRR,Bertreaux,Vulpes lagopus
PEC042,PEC066,Wheeldon,Canis latrans
Atticus,Azure,Serieys,Caracal caracal
B13M_5616,B22M_5969,Serieys,CoyoteValley
B03F_5622/5974,B23M_5624,Serieys,CoyoteValley
B12M_5617,B22M_5969,Serieys,CoyoteValley
PEC043,PEC066,Wheeldon,Canis latrans
Lynx_Majadal,Lynx_Mayo,Extremadura,Lynx pardinus
B11F_5967,B20F_5968,Serieys,CoyoteValley
Hedley,Maggie,Wilmers,Panthera leo
PEC094,PEC095,Wheeldon,Canis latrans
JBOR,JVOJ,Bertreaux,Vulpes lagopus
PEC047,PEC054,Wheeldon,Canis latrans
BOBB,JVOJ,Bertreaux,Vulpes lagopus
57M,62M,Wilmers,Puma concolor
12F,4M,Wilmers,Puma concolor
Diabla,Maggie,Wilmers,Panthera leo
B04M_5619,B07M_5627,Serieys,CoyoteValley
B14M_5613,B19F_5971,Serieys,CoyoteValley
PEC030,PEC032,Wheeldon,Canis latrans
11F,7F,Wilmers,Puma concolor
BOBB,OBOB,Bertreaux,Vulpes lagopus
B15M_5612,B16M_5973,Serieys,CoyoteValley
OBOB,VORB,Bertreaux,Vulpes lagopus
Lynx_Jerez,Lynx_Kakapo,Extremadura,Lynx pardinus
BBJO,RMBR,Bertreaux,Vulpes lagopus
PEC005,PEC009,Wheeldon,Canis latrans
B23M_5624,B25M_5618,Serieys,CoyoteValley
Cherry,Pine,Cagan,Canis lupus
23F,25F,Wilmers,Puma concolor
PEC019,PEC028,Wheeldon,Canis latrans
JMVJ,JVOJ,Bertreaux,Vulpes lagopus
PEC106,PEC131,Wheeldon,Canis latrans
id15,per,Gustavo,Cerdocyon thous
Col,Vic,Roshier,Dataset2
CAN48,CAN49,Gustavo,Leopardus wiedii
PEC112,PEC129,Wheeldon,Canis latrans
Jasper,Oryx,Serieys,Caracal caracal
B15M_5612,B20F_5968,Serieys,CoyoteValley
id17,id18,Gustavo,Cerdocyon thous
Daniella,Hen,Walton,Vulpes vulpes
PEC107,PEC108,Wheeldon,Canis latrans
B14M_5613,B17F_5621,Serieys,CoyoteValley
PEC009,PEC018,Wheeldon,Canis latrans
B10F_5972,B16M_5973,Serieys,CoyoteValley
Chumvi,Morani,Wilmers,Panthera pardus
BBJO,JVOJ,Bertreaux,Vulpes lagopus
PEC029,PEC030,Wheeldon,Canis latrans
PEC052,PEC059,Wheeldon,Canis latrans
PEC090,PEC092,Wheeldon,Canis latrans
derek,schaller,Gustavo,Dataset1
beverly,schaller,Gustavo,Dataset1
B05F_5628/5620,B22M_5969,Serieys,CoyoteValley
BBJO,OBOB,Bertreaux,Vulpes lagopus
PEC135,PEC137,Wheeldon,Canis latrans
Dalvinha,M1,Gustavo,Puma concolor
Clint,Faya,Palomares,Felis silvestris
derek,peary,Gustavo,Dataset1
PEC004,PEC014,Wheeldon,Canis latrans
beverly,peary,Gustavo,Dataset1
Jasiri,Mkogwe,Wilmers,Panthera leo
Grupo005_Id032,Grupo005_Id033,Gustavo,Leopardus wiedii
PEC107,PEC120,Wheeldon,Canis latrans
PEC027,PEC032,Wheeldon,Canis latrans
PEC086,PEC094,Wheeldon,Canis latrans
Margarita,Merimela,Wilmers,Panthera leo
B10F_5972,B20F_5968,Serieys,CoyoteValley
Patsuezo,Tejo,Palomares,Felis silvestris
22M,28F,Wilmers,Puma concolor
Bagadu,Barbara,Cagan,Canis lupus
NCM2,NCM4,Bogdan,Caracal caracal
PEC052,PEC066,Wheeldon,Canis latrans
JBOR,ORRR,Bertreaux,Vulpes lagopus
PEC018,PEC032,Wheeldon,Canis latrans
B09M_5609,B19F_5971,Serieys,CoyoteValley
RBVM,RMBR,Bertreaux,Vulpes lagopus
PEC129,PEC137,Wheeldon,Canis latrans
BOBB,ORRR,Bertreaux,Vulpes lagopus
B16M_5973,B23M_5624,Serieys,CoyoteValley
PEC054,PEC059,Wheeldon,Canis latrans
51M,66M,Wilmers,Puma concolor
PEC113,PEC129,Wheeldon,Canis latrans
PEC135,PEC141,Wheeldon,Canis latrans
PEC009,PEC027,Wheeldon,Canis latrans
11F,28F,Wilmers,Puma concolor
Jumbo,Whisky,Drouilly,Caracal caracal
PEC112,PEC135,Wheeldon,Canis latrans
CAN06,CAN53,Gustavo,Leopardus geoffroyi
PEC116,PEC129,Wheeldon,Canis latrans
Bobcat_B34F,Bobcat_B35F,Serieys,AromasHills
B20F_5968,B23M_5624,Serieys,CoyoteValley
Bobcat_B32F,Bobcat_GF01F,Serieys,AromasHills
JMVJ,ORRR,Bertreaux,Vulpes lagopus
BBJackal_Leroy,BBJackal_Rain,Drouilly,Canis mesomelas
PEC140,PEC141,Wheeldon,Canis latrans
B09M_5609,B17F_5621,Serieys,CoyoteValley
PEC018,PEC029,Wheeldon,Canis latrans
30F,32M,Wilmers,Puma concolor
PEC054,PEC066,Wheeldon,Canis latrans
PEC104,PEC106,Wheeldon,Canis latrans
17M,27M,Wilmers,Puma concolor
PEC102,PEC103,Wheeldon,Canis latrans
BBJO,ORRR,Bertreaux,Vulpes lagopus
Arj,Leo,Roshier,Dataset2
Lynx_Jerez,Lynx_Kun,Extremadura,Lynx pardinus
REDFOX-2018-05-Wursten,REDFOX-2018-08-Wursten,Garthe,Vulpes vulpes
PEC043,PEC047,Wheeldon,Canis latrans
24F,26M,Wilmers,Puma concolor
PEC001,PEC015,Wheeldon,Canis latrans
JVOJ,OBBB,Bertreaux,Vulpes lagopus
PEC081,PEC107,Wheeldon,Canis latrans
PEC042,PEC047,Wheeldon,Canis latrans
PEC004,PEC009,Wheeldon,Canis latrans
Bobcat_B35F,Bobcat_B37M,Serieys,AromasHills
Bobcat_B30F,Bobcat_B35F,Serieys,AromasHills
NCM10,NCM11,Bogdan,Caracal caracal
Ani,Cat,Cagan,Lynx lynx
OJBJ,VORB,Bertreaux,Vulpes lagopus
BOBB,OJBJ,Bertreaux,Vulpes lagopus
28F,37M,Wilmers,Puma concolor
RMJJ,RVJO,Bertreaux,Vulpes lagopus
PEC006,PEC007,Wheeldon,Canis latrans
PEC015,PEC039,Wheeldon,Canis latrans
B18F_5614,B19F_5971,Serieys,CoyoteValley
10F,29F,Wilmers,Puma concolor
J027,N239,Hebblewhite,Canis lupus
PEC066,PEC086,Wheeldon,Canis latrans
NCF2,NCM8,Bogdan,Caracal caracal
B19F_5971,B22M_5969,Serieys,CoyoteValley
PEC023,PEC032,Wheeldon,Canis latrans
Roy,Ted,Roshier,Dataset2
BORR,RVJO,Bertreaux,Vulpes lagopus
PEC012,PEC032,Wheeldon,Canis latrans
Bobcat_B30F,Bobcat_GF01F,Serieys,AromasHills
NCM1,NCM4,Bogdan,Caracal caracal
PEC002,PEC015,Wheeldon,Canis latrans
Bobcat_B37M,Bobcat_GF01F,Serieys,AromasHills
Limofu,Morani,Wilmers,Panthera pardus
Ivy,Ted,Roshier,Dataset2
PEC014,PEC027,Wheeldon,Canis latrans
PEC122,PEC135,Wheeldon,Canis latrans
22M,31M,Wilmers,Puma concolor
PEC041,PEC047,Wheeldon,Canis latrans
B14M_5613,B16M_5973,Serieys,CoyoteValley
Degana,Fleita,Palomares,Felis silvestris
109F,25F,Wilmers,Puma concolor
PEC104,PEC105,Wheeldon,Canis latrans
W106,W110,Hebblewhite,Canis lupus
B17F_5621,B18F_5614,Serieys,CoyoteValley
PEC059,PEC086,Wheeldon,Canis latrans
Degana,Tejo,Palomares,Felis silvestris
PEC011,PEC015,Wheeldon,Canis latrans
Morani,Mzee,Wilmers,Panthera pardus
Bobcat_B32F,Bobcat_B35F,Serieys,AromasHills
B17F_5621,B22M_5969,Serieys,CoyoteValley
PEC044,PEC047,Wheeldon,Canis latrans
Spitfire,Zola,Serieys,Caracal caracal
PEC009,PEC023,Wheeldon,Canis latrans
NCM11,NCM8,Bogdan,Caracal caracal
2F,4M,Wilmers,Puma concolor
Bobcat_B34F,Bobcat_GF01F,Serieys,AromasHills
4M,7F,Wilmers,Puma concolor
PEC009,PEC012,Wheeldon,Canis latrans
PEC011,PEC032,Wheeldon,Canis latrans
B14M_5613,B20F_5968,Serieys,CoyoteValley
PEC020,PEC029,Wheeldon,Canis latrans
N211,N212,Hebblewhite,Canis lupus
34M,36M,Wilmers,Puma concolor
OBBB,ORRR,Bertreaux,Vulpes lagopus
22M,26M,Wilmers,Puma concolor
Ann,Mem,Roshier,Vulpes vulpes
REDFOX-2018-04-Wursten,REDFOX-2018-06-Wursten,Garthe,Vulpes vulpes
NCM2,NCM3,Bogdan,Caracal caracal
NCM10,NCM4,Bogdan,Caracal caracal
M04,W119,GreatLakesWolf,Canis lupus x lycaon
BBJackal_Luna,BBJackal_Pluto,Drouilly,Canis mesomelas
Ivy,Leo,Roshier,Dataset2
Ewaso,Morani,Wilmers,Panthera pardus
NCF2,NCM10,Bogdan,Caracal caracal
PEC101,PEC116,Wheeldon,Canis latrans
PEC012,PEC015,Wheeldon,Canis latrans
17M,23F,Wilmers,Puma concolor
PEC015,PEC023,Wheeldon,Canis latrans
PEC106,PEC114,Wheeldon,Canis latrans
12F,5M,Wilmers,Puma concolor
PEC093,PEC095,Wheeldon,Canis latrans
70M,78F,Wilmers,Puma concolor
PEC101,PEC113,Wheeldon,Canis latrans
Rocky,Tejo,Palomares,Felis silvestris
derek,shack,Gustavo,Dataset1
PEC009,PEC011,Wheeldon,Canis latrans
Don,Jen,Roshier,Vulpes vulpes
id18,per,Gustavo,Cerdocyon thous
beverly,shack,Gustavo,Dataset1
11F,26M,Wilmers,Puma concolor
PEC020,PEC032,Wheeldon,Canis latrans
B03F_5622/5974,B22M_5969,Serieys,CoyoteValley
id13,id18,Gustavo,Cerdocyon thous
PEC104,PEC108,Wheeldon,Canis latrans
Inger,Spank,Walton,Vulpes vulpes
Cornelis,Mike,Walton,Vulpes vulpes
B09M_5609,B16M_5973,Serieys,CoyoteValley
Don,Joy,Roshier,Vulpes vulpes
31M,37M,Wilmers,Puma concolor
Bobcat_B34F,Bobcat_B36F,Serieys,AromasHills
Dalvinha,Tex,Gustavo,Puma concolor
PEC106,PEC122,Wheeldon,Canis latrans
PEC002,PEC009,Wheeldon,Canis latrans
Bob,Reg,Roshier,Vulpes vulpes
PEC030,PEC035,Wheeldon,Canis latrans
B18F_5614,B25M_5618,Serieys,CoyoteValley
NCM13,NCM5,Bogdan,Caracal caracal
Clint,Fleita,Palomares,Felis silvestris
29F,38F,Wilmers,Puma concolor
PEC014,PEC023,Wheeldon,Canis latrans
B22M_5969,B25M_5618,Serieys,CoyoteValley
B09M_5609,B20F_5968,Serieys,CoyoteValley
Clint,Tejo,Palomares,Felis silvestris
PEC009,PEC020,Wheeldon,Canis latrans
PEC012,PEC014,Wheeldon,Canis latrans
Ann,Zoe,Roshier,Vulpes vulpes
26M,37M,Wilmers,Puma concolor
Bobcat_B36F,Bobcat_B37M,Serieys,AromasHills
T49,T50,GreatLakesWolf,Canis lupus x lycaon
Bobcat_B30F,Bobcat_B36F,Serieys,AromasHills
PEC101,PEC112,Wheeldon,Canis latrans
NCF4,NCM5,Bogdan,Caracal caracal
RBVM,RMJJ,Bertreaux,Vulpes lagopus
PEC014,PEC037,Wheeldon,Canis latrans
Celada,Degana,Palomares,Felis silvestris
PEC105,PEC114,Wheeldon,Canis latrans
PEC001,PEC009,Wheeldon,Canis latrans
Cat,Zoe,Roshier,Vulpes vulpes
Faya,Garfio,Palomares,Felis silvestris
Ted,Vic,Roshier,Dataset2
Margarita,Victoria,Wilmers,Panthera leo
107M,98F,Wilmers,Puma concolor
Protea,Titan,Serieys,Caracal caracal
19F,7F,Wilmers,Puma concolor
PEC049,PEC054,Wheeldon,Canis latrans
Janne,Viktor,Walton,Vulpes vulpes
20F,4M,Wilmers,Puma concolor
NCM1,NCM3,Bogdan,Caracal caracal
PEC011,PEC014,Wheeldon,Canis latrans
B16M_5973,B18F_5614,Serieys,CoyoteValley
PEC105,PEC122,Wheeldon,Canis latrans
Spitfire,Strandloper,Serieys,Caracal caracal
Jim,Moe,Roshier,Vulpes vulpes
BBJackal_Forest,BBJackal_Rooky,Drouilly,Canis mesomelas
Don,Kev,Roshier,Vulpes vulpes
PEC015,PEC027,Wheeldon,Canis latrans
PEC129,PEC131,Wheeldon,Canis latrans
B16M_5973,B22M_5969,Serieys,CoyoteValley
PEC106,PEC112,Wheeldon,Canis latrans
PEC002,PEC014,Wheeldon,Canis latrans
PEC053,PEC054,Wheeldon,Canis latrans
107M,109F,Wilmers,Puma concolor
Luna,Titan,Serieys,Caracal caracal
Bobcat_B32F,Bobcat_B36F,Serieys,AromasHills
B18F_5614,B20F_5968,Serieys,CoyoteValley
Bobcat_B28M,Bobcat_B35F,Serieys,AromasHills
Spitfire,Xolani,Serieys,Caracal caracal
B20F_5968,B22M_5969,Serieys,CoyoteValley
24F,7F,Wilmers,Puma concolor
Faya,Pepe,Palomares,Felis silvestris
RMBR,RVJO,Bertreaux,Vulpes lagopus
PEC108,PEC114,Wheeldon,Canis latrans
Bobcat_B27M,Bobcat_B35F,Serieys,AromasHills
Charlotte,Hedley,Wilmers,Panthera leo
Oryx,Ratel,Serieys,Caracal caracal
Liz,Moe,Roshier,Vulpes vulpes
PEC001,PEC014,Wheeldon,Canis latrans
JVOJ,OJOO,Bertreaux,Vulpes lagopus
66M,81F,Wilmers,Puma concolor
Arj,Wal,Roshier,Dataset2
PEC024,PEC029,Wheeldon,Canis latrans
PEC114,PEC120,Wheeldon,Canis latrans
PEC106,PEC137,Wheeldon,Canis latrans
JVOJ,RVJO,Bertreaux,Vulpes lagopus
PEC052,PEC053,Wheeldon,Canis latrans
Gustaf,Niklas,Walton,Vulpes vulpes
PEC106,PEC113,Wheeldon,Canis latrans
PEC108,PEC122,Wheeldon,Canis latrans
OBOB,RVJO,Bertreaux,Vulpes lagopus
Don,Oli,Roshier,Vulpes vulpes
19F,28F,Wilmers,Puma concolor
PEC101,PEC114,Wheeldon,Canis latrans
Bobcat_B31M,Bobcat_B35F,Serieys,AromasHills
PEC106,PEC116,Wheeldon,Canis latrans
Ann,Moe,Roshier,Vulpes vulpes
PEC105,PEC112,Wheeldon,Canis latrans
95F,98F,Wilmers,Puma concolor
Hen,Inger,Walton,Vulpes vulpes
PEC032,PEC037,Wheeldon,Canis latrans
PEC120,PEC122,Wheeldon,Canis latrans
Don,Lou,Roshier,Vulpes vulpes
Marine,Oryx,Serieys,Caracal caracal
Con,Ken2016,Roshier,Dataset1
PEC043,PEC049,Wheeldon,Canis latrans
PEC019,PEC029,Wheeldon,Canis latrans
PEC042,PEC049,Wheeldon,Canis latrans
NCF1,NCM11,Bogdan,Caracal caracal
Jim,Zoe,Roshier,Vulpes vulpes
PEC029,PEC037,Wheeldon,Canis latrans
PEC028,PEC030,Wheeldon,Canis latrans
Reg,Val,Roshier,Vulpes vulpes
PEC105,PEC137,Wheeldon,Canis latrans
OJBJ,RMJJ,Bertreaux,Vulpes lagopus
PEC081,PEC114,Wheeldon,Canis latrans
OJOO,ORRR,Bertreaux,Vulpes lagopus
PEC105,PEC113,Wheeldon,Canis latrans
PEC040,PEC041,Wheeldon,Canis latrans
Bobcat_B29F,Bobcat_B30F,Serieys,AromasHills
13F,5M,Wilmers,Puma concolor
PEC089,PEC095,Wheeldon,Canis latrans
ORRR,RVJO,Bertreaux,Vulpes lagopus
PEC043,PEC053,Wheeldon,Canis latrans
PEC108,PEC112,Wheeldon,Canis latrans
PEC105,PEC116,Wheeldon,Canis latrans
Hedley,Jasiri,Wilmers,Panthera leo
BBJackal_Eskimo,BBJackal_Pluto,Drouilly,Canis mesomelas
38F,66M,Wilmers,Puma concolor
Ada,Val,Roshier,Vulpes vulpes
NCF2,NCF4,Bogdan,Caracal caracal
16M,17M,Wilmers,Puma concolor
36M,38F,Wilmers,Puma concolor
PEC107,PEC131,Wheeldon,Canis latrans
Lynx_Nevada,Lynx_Nubero,Extremadura,Lynx pardinus
NCF4,NCM4,Bogdan,Caracal caracal
PEC112,PEC120,Wheeldon,Canis latrans
Liz,Zoe,Roshier,Vulpes vulpes
Brecina,Tejo,Palomares,Felis silvestris
PEC110,PEC116,Wheeldon,Canis latrans
T27,T28,GreatLakesWolf,Canis lupus x lycaon
PEC044,PEC049,Wheeldon,Canis latrans
NCF2,NCM13,Bogdan,Caracal caracal
PEC009,PEC019,Wheeldon,Canis latrans
27M,29F,Wilmers,Puma concolor
PEC110,PEC113,Wheeldon,Canis latrans
109F,38F,Wilmers,Puma concolor
Arj,Fay,Roshier,Dataset2
Bobcat_B28M,Bobcat_B36F,Serieys,AromasHills
19F,31M,Wilmers,Puma concolor
NCM13,NCM4,Bogdan,Caracal caracal
PEC110,PEC137,Wheeldon,Canis latrans
PEC101,PEC104,Wheeldon,Canis latrans
PEC007,PEC027,Wheeldon,Canis latrans
PEC108,PEC137,Wheeldon,Canis latrans
Bobcat_B29F,Bobcat_B32F,Serieys,AromasHills
Jim,Mem,Roshier,Vulpes vulpes
Bobcat_B27M,Bobcat_B36F,Serieys,AromasHills
PEC108,PEC113,Wheeldon,Canis latrans
Cecia,Victoria,Wilmers,Panthera leo
M13,W119,GreatLakesWolf,Canis lupus x lycaon
PEC108,PEC116,Wheeldon,Canis latrans
PEC120,PEC137,Wheeldon,Canis latrans
PEC044,PEC053,Wheeldon,Canis latrans
Ann_2,Spank,Walton,Vulpes vulpes
Lynx_Nebulosa,Lynx_Neruda,Extremadura,Lynx pardinus
19F,26M,Wilmers,Puma concolor
PEC113,PEC120,Wheeldon,Canis latrans
Diabla,Hedley,Wilmers,Panthera leo
Don,Ern,Roshier,Vulpes vulpes
Bobcat_B31M,Bobcat_B36F,Serieys,AromasHills
PEC116,PEC120,Wheeldon,Canis latrans
PEC110,PEC112,Wheeldon,Canis latrans
Lynx_Noz,Lynx_Nubero,Extremadura,Lynx pardinus
B21M_5618,B22M_5969,Serieys,CoyoteValley
Liz,Mem,Roshier,Vulpes vulpes
81F,98F,Wilmers,Puma concolor
41M,7F,Wilmers,Puma concolor
Janne,Spank,Walton,Vulpes vulpes
55F,66M,Wilmers,Puma concolor
Hedley,Kichaka,Wilmers,Panthera leo
Gustaf,Janne,Walton,Vulpes vulpes
117M,118M,Wilmers,Puma concolor
Fleita,Pepe,Palomares,Felis silvestris
NCF2,NCM9,Bogdan,Caracal caracal
52F,55F,Wilmers,Puma concolor
PEC103,PEC116,Wheeldon,Canis latrans
18F,4M,Wilmers,Puma concolor
Oryx,West,Serieys,Caracal caracal
Chunga,Dakteri,Wilmers,Panthera leo
PEC086,PEC095,Wheeldon,Canis latrans
PEC103,PEC113,Wheeldon,Canis latrans
PEC081,PEC137,Wheeldon,Canis latrans
PEC066,PEC088,Wheeldon,Canis latrans
RBVM,VORB,Bertreaux,Vulpes lagopus
NCM10,NCM7,Bogdan,Caracal caracal
PEC081,PEC113,Wheeldon,Canis latrans
PEC007,PEC023,Wheeldon,Canis latrans
REDFOX-2018-04-Wursten,REDFOX-2018-08-Wursten,Garthe,Vulpes vulpes
Daniella,Spank,Walton,Vulpes vulpes
PEC007,PEC012,Wheeldon,Canis latrans
Ben,Roy,Roshier,Dataset1
PEC081,PEC116,Wheeldon,Canis latrans
16M,7F,Wilmers,Puma concolor
Bobcat_B35F,Bobcat_B38M,Serieys,AromasHills
NCM11,NCM12,Bogdan,Caracal caracal
Celada,Garfio,Palomares,Felis silvestris
PEC047,PEC059,Wheeldon,Canis latrans
PEC110,PEC122,Wheeldon,Canis latrans
PEC059,PEC088,Wheeldon,Canis latrans
107M,66M,Wilmers,Puma concolor
Don,Ros,Roshier,Vulpes vulpes
Lucky,Moonshine,Drouilly,Caracal caracal
PEC066,PEC080,Wheeldon,Canis latrans
Apethe,Chunga,Wilmers,Panthera leo
PEC007,PEC011,Wheeldon,Canis latrans
NCM1,NCM7,Bogdan,Caracal caracal
PEC103,PEC112,Wheeldon,Canis latrans
PEC047,PEC066,Wheeldon,Canis latrans
PEC110,PEC114,Wheeldon,Canis latrans
OJBJ,RMBR,Bertreaux,Vulpes lagopus
Bob,Oli,Roshier,Vulpes vulpes
PEC129,PEC135,Wheeldon,Canis latrans
PEC002,PEC007,Wheeldon,Canis latrans
PEC059,PEC080,Wheeldon,Canis latrans
PEC018,PEC027,Wheeldon,Canis latrans
13F,4M,Wilmers,Puma concolor
PEC137,PEC141,Wheeldon,Canis latrans
Celada,Pepe,Palomares,Felis silvestris
Kim,Liz,Roshier,Vulpes vulpes
30F,4M,Wilmers,Puma concolor
Bob,Cat,Roshier,Vulpes vulpes
PEC007,PEC020,Wheeldon,Canis latrans
26M,43F,Wilmers,Puma concolor
Lynx_Neruda,Lynx_Nitrógeno,Extremadura,Lynx pardinus
Chunga,Merimela,Wilmers,Panthera leo
Kenneth,Niklas,Walton,Vulpes vulpes
27M,36M,Wilmers,Puma concolor
PEC023,PEC030,Wheeldon,Canis latrans
Bea,Val,Roshier,Vulpes vulpes
PEC001,PEC007,Wheeldon,Canis latrans
PEC101,PEC107,Wheeldon,Canis latrans
Bobcat_B29F,Bobcat_B31M,Serieys,AromasHills
22M,4M,Wilmers,Puma concolor
PEC041,PEC054,Wheeldon,Canis latrans
Bengt,Cristina_1,Walton,Vulpes vulpes
PEC103,PEC122,Wheeldon,Canis latrans
NCF4,NCM12,Bogdan,Caracal caracal
11F,4M,Wilmers,Puma concolor
Daniella,Mattias,Walton,Vulpes vulpes
PEC066,PEC068,Wheeldon,Canis latrans
PEC011,PEC030,Wheeldon,Canis latrans
NCM2,NCM7,Bogdan,Caracal caracal
PEC103,PEC114,Wheeldon,Canis latrans
NCM3,NCM6,Bogdan,Caracal caracal
PEC005,PEC023,Wheeldon,Canis latrans
PEC083,PEC092,Wheeldon,Canis latrans
OJBJ,ORRR,Bertreaux,Vulpes lagopus
PEC005,PEC012,Wheeldon,Canis latrans
NCM12,NCM13,Bogdan,Caracal caracal
PEC104,PEC110,Wheeldon,Canis latrans
Chumvi,Mzee,Wilmers,Panthera pardus
PEC059,PEC068,Wheeldon,Canis latrans
PEC018,PEC023,Wheeldon,Canis latrans
PEC012,PEC018,Wheeldon,Canis latrans
27M,31M,Wilmers,Puma concolor
PEC020,PEC030,Wheeldon,Canis latrans
17M,25F,Wilmers,Puma concolor
Diabla,Merimela,Wilmers,Panthera leo
Janne,Oskar_1,Walton,Vulpes vulpes
PEC114,PEC131,Wheeldon,Canis latrans
PEC005,PEC011,Wheeldon,Canis latrans
Chumvi,Ewaso,Wilmers,Panthera pardus
Dakteri,Victoria,Wilmers,Panthera leo
PEC122,PEC141,Wheeldon,Canis latrans
Ken2016,Wes,Roshier,Dataset1
K019,K030,Hebblewhite,Canis lupus
PEC011,PEC018,Wheeldon,Canis latrans
Eben,Xolani,Serieys,Caracal caracal
PEC002,PEC005,Wheeldon,Canis latrans
PEC087,PEC088,Wheeldon,Canis latrans
PEC122,PEC131,Wheeldon,Canis latrans
PEC114,PEC141,Wheeldon,Canis latrans
Bobcat_B35F,Bobcat_GF01F,Serieys,AromasHills
PEC005,PEC020,Wheeldon,Canis latrans
Apethe,Diabla,Wilmers,Panthera leo
PEC002,PEC018,Wheeldon,Canis latrans
PEC041,PEC043,Wheeldon,Canis latrans
Oskar_1,Theo,Walton,Vulpes vulpes
PEC028,PEC037,Wheeldon,Canis latrans
NCM12,NCM9,Bogdan,Caracal caracal
PEC029,PEC035,Wheeldon,Canis latrans
PEC041,PEC042,Wheeldon,Canis latrans
W97110,W97356,GreatLakesWolf,Canis lupus x lycaon
M1,Tex,Gustavo,Puma concolor
PEC018,PEC020,Wheeldon,Canis latrans
80F,82M,Wilmers,Puma concolor
78F,81F,Wilmers,Puma concolor
PEC001,PEC005,Wheeldon,Canis latrans
Apethe,Victoria,Wilmers,Panthera leo
Lynx_Nebulosa,Lynx_Nubero,Extremadura,Lynx pardinus
Batubay,Deniz,Cagan,Lynx lynx
Jasiri,Merimela,Wilmers,Panthera leo
Jon,Ken2016,Roshier,Dataset1
Ivy,Roy,Roshier,Dataset2
T35,T36,GreatLakesWolf,Canis lupus x lycaon
PEC103,PEC104,Wheeldon,Canis latrans
PEC004,PEC012,Wheeldon,Canis latrans
PEC001,PEC018,Wheeldon,Canis latrans
23F,27M,Wilmers,Puma concolor
PEC082,PEC092,Wheeldon,Canis latrans
NCM11,NCM4,Bogdan,Caracal caracal
NCF2,NCF3,Bogdan,Caracal caracal
Ivy,Roy,Roshier,Dataset1
PEC079,PEC092,Wheeldon,Canis latrans
27M,28F,Wilmers,Puma concolor
NCF2,NCM11,Bogdan,Caracal caracal
Dakteri,Diabla,Wilmers,Panthera leo
NCF3,NCM4,Bogdan,Caracal caracal
Limofu,Mzee,Wilmers,Panthera pardus
17M,4M,Wilmers,Puma concolor
PEC112,PEC131,Wheeldon,Canis latrans
W124,W127,Hebblewhite,Canis lupus
82M,83M,Wilmers,Puma concolor
Merimela,Victoria,Wilmers,Panthera leo
NCF1,NCM7,Bogdan,Caracal caracal
PEC004,PEC011,Wheeldon,Canis latrans
Chesie,Hedley,Wilmers,Panthera leo
Apethe,Jasiri,Wilmers,Panthera leo
PEC007,PEC019,Wheeldon,Canis latrans
PEC012,PEC039,Wheeldon,Canis latrans
PEC074,PEC092,Wheeldon,Canis latrans
Ada,Flo,Roshier,Vulpes vulpes
PEC023,PEC039,Wheeldon,Canis latrans
Leo,Ted,Roshier,Dataset2
Cristina_1,Niklas,Walton,Vulpes vulpes
Flo,Oli,Roshier,Vulpes vulpes
Ewaso,Limofu,Wilmers,Panthera pardus
PEC015,PEC032,Wheeldon,Canis latrans
PEC002,PEC004,Wheeldon,Canis latrans
PEC049,PEC059,Wheeldon,Canis latrans
NCF1,NCF4,Bogdan,Caracal caracal
Batubay,Hazar,Cagan,Lynx lynx
B042,B045,Hebblewhite,Canis lupus
Jasper,Ratel,Serieys,Caracal caracal
PEC004,PEC020,Wheeldon,Canis latrans
36M,42M,Wilmers,Puma concolor
B065,B077,Hebblewhite,Canis lupus
PEC066,PEC074,Wheeldon,Canis latrans
PEC131,PEC137,Wheeldon,Canis latrans
Cat,Flo,Roshier,Vulpes vulpes
PEC113,PEC131,Wheeldon,Canis latrans
NCF1,NCM13,Bogdan,Caracal caracal
PEC049,PEC066,Wheeldon,Canis latrans
PEC053,PEC059,Wheeldon,Canis latrans
PEC009,PEC015,Wheeldon,Canis latrans
Dakteri,Jasiri,Wilmers,Panthera leo
PEC037,PEC042,Wheeldon,Canis latrans
PEC001,PEC004,Wheeldon,Canis latrans
PEC116,PEC131,Wheeldon,Canis latrans
Ken2017,Roy,Roshier,Dataset1
Ingvar_2,Kenneth,Walton,Vulpes vulpes
PEC066,PEC079,Wheeldon,Canis latrans
Charlotte,Merimela,Wilmers,Panthera leo
T41,T58,GreatLakesWolf,Canis lupus x lycaon
Eben,Zola,Serieys,Caracal caracal
78F,83M,Wilmers,Puma concolor
RBVM,RVJO,Bertreaux,Vulpes lagopus
PEC059,PEC074,Wheeldon,Canis latrans
PEC066,PEC082,Wheeldon,Canis latrans
PEC107,PEC110,Wheeldon,Canis latrans
26M,38F,Wilmers,Puma concolor
27M,7F,Wilmers,Puma concolor
Farasi,Merimela,Wilmers,Panthera leo
Jasper,Marine,Serieys,Caracal caracal
Bobcat_B36F,Bobcat_GF01F,Serieys,AromasHills
PEC053,PEC066,Wheeldon,Canis latrans
B065,B078,Hebblewhite,Canis lupus
PEC059,PEC079,Wheeldon,Canis latrans
PEC027,PEC037,Wheeldon,Canis latrans
Ivy,Vic,Roshier,Dataset2
PEC059,PEC082,Wheeldon,Canis latrans
PEC019,PEC030,Wheeldon,Canis latrans
31M,38F,Wilmers,Puma concolor
Apethe,Charlotte,Wilmers,Panthera leo
PEC027,PEC039,Wheeldon,Canis latrans
81F,82M,Wilmers,Puma concolor
Batubay,Bilge,Cagan,Lynx lynx
Jen,Joy,Roshier,Vulpes vulpes
NCF1,NCM9,Bogdan,Caracal caracal
Leo,Wal,Roshier,Dataset2
PEC014,PEC015,Wheeldon,Canis latrans
Bec,Zac,Roshier,Dataset2
20F,7F,Wilmers,Puma concolor
53F,55F,Wilmers,Puma concolor
PEC039,PEC042,Wheeldon,Canis latrans
107M,25F,Wilmers,Puma concolor
PEC005,PEC019,Wheeldon,Canis latrans
Putin,Spank,Walton,Vulpes vulpes
Ray,Roy,Roshier,Dataset1
Charlotte,Dakteri,Wilmers,Panthera leo
PEC103,PEC107,Wheeldon,Canis latrans
PEC018,PEC019,Wheeldon,Canis latrans
62M,66M,Wilmers,Puma concolor
